,precision,recall,f1-score,support
Fever Medication,0.881578947368421,0.7362637362637363,0.8023952095808384,91.0
Calcium Lactate Medication,0.8160919540229885,0.6826923076923077,0.7434554973821988,104.0
NSAIDS,0.84,0.6,0.7000000000000001,35.0
Muscle Pain Medication,0.5940860215053764,0.8154981549815498,0.687402799377916,271.0
antacids,0.6,0.6,0.6,5.0
Anxiety Medication,0.6779661016949152,0.5333333333333333,0.5970149253731344,75.0
kratom,0.4426229508196721,0.6923076923076923,0.5399999999999999,39.0
micro avg,0.5955188679245284,0.4338487972508591,0.5019880715705767,1164.0
samples avg,0.5555848956958014,0.4891984273684828,0.4909515007481735,1164.0
naltrexone,0.5714285714285714,0.36363636363636365,0.4444444444444444,11.0
weighted avg,0.4682985825268024,0.4338487972508591,0.4290104821764027,1164.0
Vitamin deficiency Medication,0.7142857142857143,0.23809523809523808,0.35714285714285715,21.0
Stomach Medication,0.6,0.25,0.35294117647058826,12.0
Moderte/Severe Pain Medication,0.35714285714285715,0.26785714285714285,0.30612244897959184,56.0
Opioid Analgesic Medication,0.37142857142857144,0.22413793103448276,0.2795698924731183,58.0
Rehab and Detox Medication,0.3,0.13043478260869565,0.18181818181818182,46.0
macro avg,0.22392769700433196,0.15796951230835882,0.17088931847913297,1164.0
suboxone,0.19047619047619047,0.14285714285714285,0.16326530612244897,56.0
Opioid Overdose Medication,1.0,0.041666666666666664,0.07999999999999999,24.0
Insomnia Medication,0.0,0.0,0.0,25.0
Antihistamine Medication,0.0,0.0,0.0,1.0
Allergic Reaction Medication,0.0,0.0,0.0,25.0
Amino Acid Medication,0.0,0.0,0.0,1.0
sour throat Medication,0.0,0.0,0.0,18.0
quetiapine,0.0,0.0,0.0,1.0
psychadelics,0.0,0.0,0.0,3.0
probiotics,0.0,0.0,0.0,0.0
odone,0.0,0.0,0.0,9.0
Antiepileptic Medication,0.0,0.0,0.0,12.0
methadone,0.0,0.0,0.0,0.0
Barbiturates,0.0,0.0,0.0,26.0
caffeine,0.0,0.0,0.0,8.0
Low Blood Pressure Medication,0.0,0.0,0.0,0.0
alkaloids,0.0,0.0,0.0,8.0
Benzodiazepines,0.0,0.0,0.0,17.0
Blood Pressure Medication,0.0,0.0,0.0,0.0
Ropinirole Medication,0.0,0.0,0.0,2.0
Agonist,0.0,0.0,0.0,59.0
Ondansetrons,0.0,0.0,0.0,3.0
Dynorphins,0.0,0.0,0.0,0.0
Gateway Drugs,0.0,0.0,0.0,12.0
High blood Pressure Medication,0.0,0.0,0.0,6.0
Mild/Moderate Pain Medication,0.0,0.0,0.0,17.0
ADHD Medication,0.0,0.0,0.0,7.0
