,Epochs,Train_Loss,Validation_Accuracy,Validation_Loss,Time-Elapsed
0,1,0.413257003,0.891554461,0.282724296,217.7854486
1,2,0.220378331,0.955906039,0.169761209,217.260916
2,3,0.161518035,0.959729959,0.143787506,217.3417115
3,4,0.143897957,0.960677704,0.135384554,217.2660267
4,5,0.134435265,0.960513038,0.133106285,218.2381489
5,6,0.128120388,0.961574225,0.129903346,217.4308152
6,7,0.122836631,0.960655749,0.13046189,217.4528291
7,8,0.11808871,0.960344712,0.129924131,217.3834722
8,9,0.114771445,0.960765528,0.130021822,217.4630468
9,10,0.112454028,0.96046181,0.130495146,217.4162433
