,precision,recall,f1-score,support
Fever Medication,0.7865168539325843,0.7692307692307693,0.7777777777777778,91.0
Calcium Lactate Medication,0.8068181818181818,0.6826923076923077,0.7395833333333334,104.0
Muscle Pain Medication,0.610079575596817,0.8487084870848709,0.7098765432098766,271.0
NSAIDS,0.8333333333333334,0.5714285714285714,0.6779661016949152,35.0
Anxiety Medication,0.6610169491525424,0.52,0.582089552238806,75.0
antacids,1.0,0.4,0.5714285714285715,5.0
kratom,0.43548387096774194,0.6923076923076923,0.5346534653465347,39.0
micro avg,0.6104783599088838,0.46048109965635736,0.5249755142017629,1164.0
samples avg,0.5862292051756008,0.5143165214329725,0.5195105161833443,1164.0
weighted avg,0.5032692337732594,0.46048109965635736,0.4510527544580978,1164.0
naltrexone,0.5714285714285714,0.36363636363636365,0.4444444444444444,11.0
Stomach Medication,0.6666666666666666,0.3333333333333333,0.4444444444444444,12.0
Opioid Analgesic Medication,0.41509433962264153,0.3793103448275862,0.3963963963963964,58.0
Vitamin deficiency Medication,0.8333333333333334,0.23809523809523808,0.37037037037037035,21.0
Moderte/Severe Pain Medication,0.35185185185185186,0.3392857142857143,0.34545454545454546,56.0
Opioid Overdose Medication,0.8,0.16666666666666666,0.27586206896551724,24.0
suboxone,0.3333333333333333,0.21428571428571427,0.2608695652173913,56.0
Rehab and Detox Medication,0.8333333333333334,0.10869565217391304,0.1923076923076923,46.0
macro avg,0.2609572548592733,0.16769192137621852,0.1865363976778344,1164.0
Insomnia Medication,0.5,0.08,0.13793103448275865,25.0
Gateway Drugs,0.0,0.0,0.0,12.0
psychadelics,0.0,0.0,0.0,3.0
Antiepileptic Medication,0.0,0.0,0.0,12.0
odone,0.0,0.0,0.0,9.0
probiotics,0.0,0.0,0.0,0.0
quetiapine,0.0,0.0,0.0,1.0
Antihistamine Medication,0.0,0.0,0.0,1.0
sour throat Medication,0.0,0.0,0.0,18.0
Amino Acid Medication,0.0,0.0,0.0,1.0
Allergic Reaction Medication,0.0,0.0,0.0,25.0
methadone,0.0,0.0,0.0,0.0
alkaloids,0.0,0.0,0.0,8.0
caffeine,0.0,0.0,0.0,8.0
Barbiturates,0.0,0.0,0.0,26.0
High blood Pressure Medication,0.0,0.0,0.0,6.0
Benzodiazepines,0.0,0.0,0.0,17.0
Ropinirole Medication,0.0,0.0,0.0,2.0
Agonist,0.0,0.0,0.0,59.0
Ondansetrons,0.0,0.0,0.0,3.0
Blood Pressure Medication,0.0,0.0,0.0,0.0
Dynorphins,0.0,0.0,0.0,0.0
Mild/Moderate Pain Medication,0.0,0.0,0.0,17.0
Low Blood Pressure Medication,0.0,0.0,0.0,0.0
ADHD Medication,0.0,0.0,0.0,7.0
