,Epochs,Train_Loss,Validation_Accuracy,Validation_Loss,Time-Elapsed
0,1,0.4998835739297945,0.8218567146629584,0.38198774417892833,215.72675228118896
1,2,0.2892119618224316,0.95657202454864,0.20271190365806954,215.02258348464966
2,3,0.17707581891388188,0.9593933117194254,0.1541730209452207,215.1545467376709
3,4,0.1528187337652093,0.959005425210859,0.14225367639885575,215.12628698349
4,5,0.1417279760734957,0.9609997194321429,0.1343036451544918,215.04096007347107
5,6,0.13600809524049523,0.961519332205663,0.1325568884122567,215.07758927345276
6,7,0.13132164001342703,0.9612887980508023,0.13147846743708752,215.03929114341736
7,8,0.12796819283336888,0.9617974347755557,0.12989612961890268,215.0568332672119
8,9,0.12480654833136035,0.9608972561163981,0.13034632423373518,215.10687112808228
9,10,0.12268497452872698,0.9610802218562267,0.1309209287655158,215.12430334091187
