,Epochs,Train_Loss,Validation_Accuracy,Validation_Loss,Time-Elapsed
0,1,0.3985986473863242,0.9517564539049492,0.20310888524915352,412.5594582557678
1,2,0.167713232430034,0.9603703266284505,0.14042985280517672,411.8434522151947
2,3,0.14227848347337518,0.9597043443898685,0.13172565315101967,412.0215518474579
3,4,0.13534183085697596,0.9616949724369361,0.1270365111651968,412.176415681839
4,5,0.12973036507114036,0.9613473464231022,0.12818488808440381,412.2215259075165
5,6,0.12487392918374694,0.9622402015279551,0.12603699989983294,412.274099111557
6,7,0.12002928106144803,0.9613400297086747,0.12572912603128153,412.17595410346985
7,8,0.11591318613070933,0.961501033579717,0.12565851590183916,412.2706606388092
8,9,0.11154437359788867,0.9613729598092251,0.1272186231417734,412.257364988327
9,10,0.10823908548985349,0.9612229310098241,0.12827571286041228,412.308856010437
