,precision,recall,f1-score,support
Fever Medication,0.8701298701298701,0.7362637362637363,0.7976190476190476,91.0
Calcium Lactate Medication,0.8192771084337349,0.6538461538461539,0.7272727272727274,104.0
Muscle Pain Medication,0.5972222222222222,0.7933579335793358,0.6814580031695721,271.0
NSAIDS,0.7037037037037037,0.5428571428571428,0.6129032258064516,35.0
Anxiety Medication,0.625,0.5333333333333333,0.5755395683453237,75.0
antacids,0.5,0.6,0.5454545454545454,5.0
kratom,0.417910447761194,0.717948717948718,0.5283018867924528,39.0
samples avg,0.5665742452248922,0.514873984097644,0.5085525645871412,1164.0
micro avg,0.5556745182012848,0.44587628865979384,0.4947569113441373,1164.0
weighted avg,0.48025274686483305,0.44587628865979384,0.4471040587079281,1164.0
Stomach Medication,0.5714285714285714,0.3333333333333333,0.4210526315789474,12.0
naltrexone,0.4444444444444444,0.36363636363636365,0.39999999999999997,11.0
Opioid Overdose Medication,0.5833333333333334,0.2916666666666667,0.38888888888888895,24.0
Opioid Analgesic Medication,0.4857142857142857,0.29310344827586204,0.3655913978494624,58.0
Vitamin deficiency Medication,0.5,0.2857142857142857,0.36363636363636365,21.0
Benzodiazepines,0.6,0.17647058823529413,0.2727272727272727,17.0
Moderte/Severe Pain Medication,0.2857142857142857,0.21428571428571427,0.24489795918367344,56.0
Rehab and Detox Medication,0.42857142857142855,0.13043478260869565,0.2,46.0
macro avg,0.2300320217572061,0.1781396119619059,0.19232687396817444,1164.0
suboxone,0.21428571428571427,0.16071428571428573,0.1836734693877551,56.0
Insomnia Medication,0.2727272727272727,0.12,0.16666666666666666,25.0
Agonist,0.18181818181818182,0.1016949152542373,0.13043478260869565,59.0
Barbiturates,0.1,0.07692307692307693,0.08695652173913043,26.0
odone,0.0,0.0,0.0,9.0
probiotics,0.0,0.0,0.0,0.0
quetiapine,0.0,0.0,0.0,1.0
psychadelics,0.0,0.0,0.0,3.0
methadone,0.0,0.0,0.0,0.0
sour throat Medication,0.0,0.0,0.0,18.0
Amino Acid Medication,0.0,0.0,0.0,1.0
Allergic Reaction Medication,0.0,0.0,0.0,25.0
Antiepileptic Medication,0.0,0.0,0.0,12.0
High blood Pressure Medication,0.0,0.0,0.0,6.0
Antihistamine Medication,0.0,0.0,0.0,1.0
caffeine,0.0,0.0,0.0,8.0
alkaloids,0.0,0.0,0.0,8.0
Ropinirole Medication,0.0,0.0,0.0,2.0
Blood Pressure Medication,0.0,0.0,0.0,0.0
Ondansetrons,0.0,0.0,0.0,3.0
Dynorphins,0.0,0.0,0.0,0.0
Gateway Drugs,0.0,0.0,0.0,12.0
Mild/Moderate Pain Medication,0.0,0.0,0.0,17.0
Low Blood Pressure Medication,0.0,0.0,0.0,0.0
ADHD Medication,0.0,0.0,0.0,7.0
